<?xml version="1.0" encoding="UTF-8"?>
<library xmlns:xi="http://www.w3.org/2001/XInclude" name="puredata" version="1.0">
  <category name="accessing data">
    <entry descr="add an element to a list" name="append" ref_view="object">
      <xi:include href="append.pddoc" parse="xml"/>
    </entry>
    <entry descr="get an array element" name="element" ref_view="object">
      <xi:include href="element.pddoc" parse="xml"/>
    </entry>
    <entry descr="get numeric fields" name="get" ref_view="object">
      <xi:include href="get.pddoc" parse="xml"/>
    </entry>
    <entry descr="get the size of an array" name="getsize" ref_view="object">
      <xi:include href="getsize.pddoc" parse="xml"/>
    </entry>
    <entry descr="point to an object belonging to a template" name="pointer" ref_view="object">
      <xi:include href="pointer.pddoc" parse="xml"/>
    </entry>
    <entry descr="create a single scalar" name="scalar" ref_view="object">
      <xi:include href="scalar.pddoc" parse="xml"/>
    </entry>
    <entry descr="change numeric fields" name="set" ref_view="object">
      <xi:include href="set.pddoc" parse="xml"/>
    </entry>
    <entry descr="change the size of an array" name="setsize" ref_view="object">
      <xi:include href="setsize.pddoc" parse="xml"/>
    </entry>
  </category>
  <category name="arrays">
    <entry descr="general array creation and manipulation" name="array" ref_view="object">
      <xi:include href="array.pddoc" parse="xml"/>
    </entry>
    <entry descr="read and write tables to soundfiles" name="soundfiler" ref_view="object">
      <xi:include href="soundfiler.pddoc" parse="xml"/>
    </entry>
    <entry descr="create a named table" name="table" ref_view="object">
      <xi:include href="table.pddoc" parse="xml"/>
    </entry>
    <entry descr="read a number from a table" name="tabread" ref_view="object">
      <xi:include href="tabread.pddoc" parse="xml"/>
    </entry>
    <entry descr="read a number from a table with interpolation" name="tabread4" ref_view="object">
      <xi:include href="tabread4.pddoc" parse="xml"/>
    </entry>
    <entry descr="write a number to a table" name="tabwrite" ref_view="object">
      <xi:include href="tabwrite.pddoc" parse="xml"/>
    </entry>
  </category>
  <category name="audio delay">
    <entry descr="read with a time-varying delay time" name="delread4~" ref_view="object">
      <xi:include href="delread4~.pddoc" parse="xml"/>
    </entry>
    <entry descr="read from a delay line" name="delread~" ref_view="object">
      <xi:include href="delread~.pddoc" parse="xml"/>
    </entry>
    <entry descr="write to a delay line" name="delwrite~" ref_view="object">
      <xi:include href="delwrite~.pddoc" parse="xml"/>
    </entry>
    <entry descr="read with a time-varying delay time" name="vd~" ref_view="object">
      <xi:include href="vd~.pddoc" parse="xml"/>
    </entry>
  </category>
  <category name="audio filters">
    <entry descr="raw filter" name="biquad~" ref_view="object">
      <xi:include href="biquad~.pddoc" parse="xml"/>
    </entry>
    <entry descr="band pass filter" name="bp~" ref_view="object">
      <xi:include href="bp~.pddoc" parse="xml"/>
    </entry>
    <entry descr="raw complex-valued one-pole filter" name="cpole~" ref_view="object">
      <xi:include href="cpole~.pddoc" parse="xml"/>
    </entry>
    <entry descr="time-reversed raw complex-valued one-zero filter" name="czero_rev~" ref_view="object">
      <xi:include href="czero_rev~.pddoc" parse="xml"/>
    </entry>
    <entry descr="envelope follower" name="env~" ref_view="object">
      <xi:include href="env~.pddoc" parse="xml"/>
    </entry>
    <entry descr="high pass filter" name="hip~" ref_view="object">
      <xi:include href="hip~.pddoc" parse="xml"/>
    </entry>
    <entry descr="low pass filter" name="lop~" ref_view="object">
      <xi:include href="lop~.pddoc" parse="xml"/>
    </entry>
    <entry descr="white noise generator" name="noise~" ref_view="object">
      <xi:include href="noise~.pddoc" parse="xml"/>
    </entry>
    <entry descr="print out one or more &quot;blocks&quot;" name="print~" ref_view="object">
      <xi:include href="print~.pddoc" parse="xml"/>
    </entry>
    <entry descr="raw real-valued one-pole filter" name="rpole~" ref_view="object">
      <xi:include href="rpole~.pddoc" parse="xml"/>
    </entry>
    <entry descr="time-reversed raw real-valued one-zero filter" name="rzero_rev~" ref_view="object">
      <xi:include href="rzero_rev~.pddoc" parse="xml"/>
    </entry>
    <entry descr="raw real-valued one-zero filter" name="rzero~" ref_view="object">
      <xi:include href="rzero~.pddoc" parse="xml"/>
    </entry>
    <entry descr="sample and hold unit" name="samphold~" ref_view="object">
      <xi:include href="samphold~.pddoc" parse="xml"/>
    </entry>
    <entry descr="slew-limiting (nonlinear) low pass filter" name="slop~" ref_view="object">
      <xi:include href="slop~.pddoc" parse="xml"/>
    </entry>
    <entry descr="voltage controlled filter" name="vcf~" ref_view="object">
      <xi:include href="vcf~.pddoc" parse="xml"/>
    </entry>
  </category>
  <category name="audio math">
    <entry descr="absolute value" name="abs~" ref_view="object">
      <xi:include href="abs~.pddoc" parse="xml"/>
    </entry>
    <entry descr="constrict signal to lie between two bounds" name="clip~" ref_view="object">
      <xi:include href="clip~.pddoc" parse="xml"/>
    </entry>
    <entry descr="convert acoustical units" name="dbtorms~" ref_view="object">
      <xi:include href="dbtorms~.pddoc" parse="xml"/>
    </entry>
    <entry descr="arithmetic on audio signals" name="div~" ref_view="object">
      <xi:include href="div~.pddoc" parse="xml"/>
    </entry>
    <entry descr="C-style expression - audio vector" name="expr~" ref_view="object">
      <xi:include href="expr~.pddoc" parse="xml"/>
    </entry>
    <entry descr="exponential function" name="exp~" ref_view="object">
      <xi:include href="exp~.pddoc" parse="xml"/>
    </entry>
    <entry descr="C-style expression - audio sample" name="fexpr~" ref_view="object">
      <xi:include href="fexpr~.pddoc" parse="xml"/>
    </entry>
    <entry descr="complex forward discrete Fourier transform" name="fft~" ref_view="object">
      <xi:include href="fft~.pddoc" parse="xml"/>
    </entry>
    <entry descr="output a ramp for each block" name="framp~" ref_view="object">
      <xi:include href="framp~.pddoc" parse="xml"/>
    </entry>
    <entry descr="convert acoustical units" name="ftom~" ref_view="object">
      <xi:include href="ftom~.pddoc" parse="xml"/>
    </entry>
    <entry descr="complex inverse discrete Fourier transform" name="ifft~" ref_view="object">
      <xi:include href="ifft~.pddoc" parse="xml"/>
    </entry>
    <entry descr="computes the logarithm (base 'e')" name="log~" ref_view="object">
      <xi:include href="log~.pddoc" parse="xml"/>
    </entry>
    <entry descr="maximum of 2 inputs" name="max~" ref_view="object">
      <xi:include href="max~.pddoc" parse="xml"/>
    </entry>
    <entry descr="arithmetic on audio signals" name="minus~" ref_view="object">
      <xi:include href="minus~.pddoc" parse="xml"/>
    </entry>
    <entry descr="minimum of 2 inputs" name="min~" ref_view="object">
      <xi:include href="min~.pddoc" parse="xml"/>
    </entry>
    <entry descr="convert acoustical units" name="mtof~" ref_view="object">
      <xi:include href="mtof~.pddoc" parse="xml"/>
    </entry>
    <entry descr="arithmetic on audio signals" name="mult~" ref_view="object">
      <xi:include href="mult~.pddoc" parse="xml"/>
    </entry>
    <entry descr="arithmetic on audio signals" name="plus~" ref_view="object">
      <xi:include href="plus~.pddoc" parse="xml"/>
    </entry>
    <entry descr="raise signal to a numeric power (signal)" name="pow~" ref_view="object">
      <xi:include href="pow~.pddoc" parse="xml"/>
    </entry>
    <entry descr="approximate(8-bit) reciprocal square root" name="q8_rsqrt~" ref_view="object">
      <xi:include href="q8_rsqrt~.pddoc" parse="xml"/>
    </entry>
    <entry descr="approximate(8-bit) square root" name="q8_sqrt~" ref_view="object">
      <xi:include href="q8_sqrt~.pddoc" parse="xml"/>
    </entry>
    <entry descr="real forward discrete Fourier transform" name="rfft~" ref_view="object">
      <xi:include href="rfft~.pddoc" parse="xml"/>
    </entry>
    <entry descr="real inverse discrete Fourier transform" name="rifft~" ref_view="object">
      <xi:include href="rifft~.pddoc" parse="xml"/>
    </entry>
    <entry descr="convert acoustical units" name="rmstodb~" ref_view="object">
      <xi:include href="rmstodb~.pddoc" parse="xml"/>
    </entry>
    <entry descr="approximate(16-bit) reciprocal square root" name="rsqrt~" ref_view="object">
      <xi:include href="rsqrt~.pddoc" parse="xml"/>
    </entry>
    <entry descr="approximate(16-bit) square root" name="sqrt~" ref_view="object">
      <xi:include href="sqrt~.pddoc" parse="xml"/>
    </entry>
    <entry descr="wraparound (fractional part)" name="wrap~" ref_view="object">
      <xi:include href="wrap~.pddoc" parse="xml"/>
    </entry>
  </category>
  <category name="audio oscillators and tables">
    <entry descr="cosine waveshaper" name="cos~" ref_view="object">
      <xi:include href="cos~.pddoc" parse="xml"/>
    </entry>
    <entry descr="cosine oscillator" name="osc~" ref_view="object">
      <xi:include href="osc~.pddoc" parse="xml"/>
    </entry>
    <entry descr="sawtooth oscillator" name="phasor~" ref_view="object">
      <xi:include href="phasor~.pddoc" parse="xml"/>
    </entry>
    <entry descr="wavetable oscillator" name="tabosc4~" ref_view="object">
      <xi:include href="tabosc4~.pddoc" parse="xml"/>
    </entry>
    <entry descr="play back from a table (non-transposing)" name="tabplay~" ref_view="object">
      <xi:include href="tabplay~.pddoc" parse="xml"/>
    </entry>
    <entry descr="four-point interpolating table read" name="tabread4~" ref_view="object">
      <xi:include href="tabread4~.pddoc" parse="xml"/>
    </entry>
    <entry descr="non-interpolating table read" name="tabread~" ref_view="object">
      <xi:include href="tabread~.pddoc" parse="xml"/>
    </entry>
    <entry descr="read one block continuously from a table" name="tabreceive~" ref_view="object">
      <xi:include href="tabreceive~.pddoc" parse="xml"/>
    </entry>
    <entry descr="write one block continuously to a table" name="tabsend~" ref_view="object">
      <xi:include href="tabsend~.pddoc" parse="xml"/>
    </entry>
    <entry descr="write to a table" name="tabwrite~" ref_view="object">
      <xi:include href="tabwrite~.pddoc" parse="xml"/>
    </entry>
  </category>
  <category name="data templates">
    <entry descr="draw a curve" name="drawcurve" ref_view="object">
      <xi:include href="drawcurve.pddoc" parse="xml"/>
    </entry>
    <entry descr="draw a numeric value" name="drawnumber" ref_view="object">
      <xi:include href="drawnumber.pddoc" parse="xml"/>
    </entry>
    <entry descr="draw a polygon" name="drawpolygon" ref_view="object">
      <xi:include href="drawpolygon.pddoc" parse="xml"/>
    </entry>
    <entry descr="draw symbol" name="drawsymbol" ref_view="object">
      <xi:include href="drawsymbol.pddoc" parse="xml"/>
    </entry>
    <entry descr="draw text" name="drawtext" ref_view="object">
      <xi:include href="drawtext.pddoc" parse="xml"/>
    </entry>
    <entry descr="draw a filled curve" name="filledcurve" ref_view="object">
      <xi:include href="filledcurve.pddoc" parse="xml"/>
    </entry>
    <entry descr="draw a filled polygon" name="filledpolygon" ref_view="object">
      <xi:include href="filledpolygon.pddoc" parse="xml"/>
    </entry>
    <entry descr="plot an array field" name="plot" ref_view="object">
      <xi:include href="plot.pddoc" parse="xml"/>
    </entry>
    <entry descr="define a data structure" name="struct" ref_view="object">
      <xi:include href="struct.pddoc" parse="xml"/>
    </entry>
  </category>
  <category name="extra">
    <entry descr="Moog resonant filter model" name="bob~" ref_view="object">
      <xi:include href="bob~.pddoc" parse="xml"/>
    </entry>
    <entry descr="attack detector" name="bonk~" ref_view="object">
      <xi:include href="bonk~.pddoc" parse="xml"/>
    </entry>
    <entry descr="best match of list (up to 10 elements) to templates" name="choice" ref_view="object">
      <xi:include href="choice.pddoc" parse="xml"/>
    </entry>
    <entry descr="frequency shifting" name="complex-mod~" ref_view="object">
      <xi:include href="complex-mod~.pddoc" parse="xml"/>
    </entry>
    <entry descr="phase quadrature filter" name="hilbert~" ref_view="object">
      <xi:include href="hilbert~.pddoc" parse="xml"/>
    </entry>
    <entry descr="phasor~ with S/H on its frequency input" name="loop~" ref_view="object">
      <xi:include href="loop~.pddoc" parse="xml"/>
    </entry>
    <entry descr="left and right shift (useful with FFT objects)" name="lrshift~" ref_view="object">
      <xi:include href="lrshift~.pddoc" parse="xml"/>
    </entry>
    <entry descr="run another copy (process) of Pd" name="pd~" ref_view="object">
      <xi:include href="pd~.pddoc" parse="xml"/>
    </entry>
    <entry descr="reverberator 1" name="rev1~" ref_view="object">
      <xi:include href="rev1~.pddoc" parse="xml"/>
    </entry>
    <entry descr="reverberator 2" name="rev2~" ref_view="object">
      <xi:include href="rev2~.pddoc" parse="xml"/>
    </entry>
    <entry descr="reverberator 3" name="rev3~" ref_view="object">
      <xi:include href="rev3~.pddoc" parse="xml"/>
    </entry>
    <entry descr="pitch tracker" name="sigmund~" ref_view="object">
      <xi:include href="sigmund~.pddoc" parse="xml"/>
    </entry>
    <entry descr="write messages to standard output" name="stdout" ref_view="object">
      <xi:include href="stdout.pddoc" parse="xml"/>
    </entry>
  </category>
  <category name="general">
    <entry descr="output a bang message" name="bang" ref_view="object">
      <xi:include href="bang.pddoc" parse="xml"/>
    </entry>
    <entry descr="remove repeated numbers from a stream" name="change" ref_view="object">
      <xi:include href="change.pddoc" parse="xml"/>
    </entry>
    <entry descr="store and recall a number" name="float" ref_view="object">
      <xi:include href="float.pddoc" parse="xml"/>
    </entry>
    <entry descr="store and recall a number" name="int" ref_view="object">
      <xi:include href="int.pddoc" parse="xml"/>
    </entry>
    <entry descr="manipulate lists" name="list" ref_view="object">
      <xi:include href="list.pddoc" parse="xml"/>
    </entry>
    <entry descr="format a symbol with a variable field" name="makefilename" ref_view="object">
      <xi:include href="makefilename.pddoc" parse="xml"/>
    </entry>
    <entry descr="part a numeric stream" name="moses" ref_view="object">
      <xi:include href="moses.pddoc" parse="xml"/>
    </entry>
    <entry descr="make compound messages" name="pack" ref_view="object">
      <xi:include href="pack.pddoc" parse="xml"/>
    </entry>
    <entry descr="print out messages" name="print" ref_view="object">
      <xi:include href="print.pddoc" parse="xml"/>
    </entry>
    <entry descr="catch &quot;sent&quot; messages" name="receive" ref_view="object">
      <xi:include href="receive.pddoc" parse="xml"/>
    </entry>
    <entry descr="route messages according to first element" name="route" ref_view="object">
      <xi:include href="route.pddoc" parse="xml"/>
    </entry>
    <entry descr="test for matching numbers or symbols" name="select" ref_view="object">
      <xi:include href="select.pddoc" parse="xml"/>
    </entry>
    <entry descr="send a message to a named object" name="send" ref_view="object">
      <xi:include href="send.pddoc" parse="xml"/>
    </entry>
    <entry descr="interruptible message connection" name="spigot" ref_view="object">
      <xi:include href="spigot.pddoc" parse="xml"/>
    </entry>
    <entry descr="swap two numbers" name="swap" ref_view="object">
      <xi:include href="swap.pddoc" parse="xml"/>
    </entry>
    <entry descr="store and recall a symbol" name="symbol" ref_view="object">
      <xi:include href="symbol.pddoc" parse="xml"/>
    </entry>
    <entry descr="sequence and convert messages" name="trigger" ref_view="object">
      <xi:include href="trigger.pddoc" parse="xml"/>
    </entry>
    <entry descr="looping mechanism" name="until" ref_view="object">
      <xi:include href="until.pddoc" parse="xml"/>
    </entry>
    <entry descr="shared numeric value" name="value" ref_view="object">
      <xi:include href="value.pddoc" parse="xml"/>
    </entry>
  </category>
  <category name="general audio">
    <entry descr="audio input" name="adc~" ref_view="object">
      <xi:include href="adc~.pddoc" parse="xml"/>
    </entry>
    <entry descr="send a bang message after each DSP block" name="bang~" ref_view="object">
      <xi:include href="bang~.pddoc" parse="xml"/>
    </entry>
    <entry descr="audio output" name="dac~" ref_view="object">
      <xi:include href="dac~.pddoc" parse="xml"/>
    </entry>
    <entry descr="generate audio ramps" name="line~" ref_view="object">
      <xi:include href="line~.pddoc" parse="xml"/>
    </entry>
    <entry descr="soundfile playback from disk" name="readsf~" ref_view="object">
      <xi:include href="readsf~.pddoc" parse="xml"/>
    </entry>
    <entry descr="get signal from send~" name="receive~" ref_view="object">
      <xi:include href="receive~.pddoc" parse="xml"/>
    </entry>
    <entry descr="get the sample rate" name="samplerate~" ref_view="object">
      <xi:include href="samplerate~.pddoc" parse="xml"/>
    </entry>
    <entry descr="nonlocal signal connection with fanout" name="send~" ref_view="object">
      <xi:include href="send~.pddoc" parse="xml"/>
    </entry>
    <entry descr="converts numbers to audio signals" name="sig~" ref_view="object">
      <xi:include href="sig~.pddoc" parse="xml"/>
    </entry>
    <entry descr="sample a signal (convert it back to a number)" name="snapshot~" ref_view="object">
      <xi:include href="snapshot~.pddoc" parse="xml"/>
    </entry>
    <entry descr="detect signal thresholds" name="threshold~" ref_view="object">
      <xi:include href="threshold~.pddoc" parse="xml"/>
    </entry>
    <entry descr="add to a summing bus" name="throw~" ref_view="object">
      <xi:include href="throw~.pddoc" parse="xml"/>
    </entry>
    <entry descr="deluxe line~" name="vline~" ref_view="object">
      <xi:include href="vline~.pddoc" parse="xml"/>
    </entry>
    <entry descr="deluxe snapshot~ (DEPRECATED)" name="vsnapshot~" ref_view="object">
      <xi:include href="vsnapshot~.pddoc" parse="xml"/>
    </entry>
    <entry descr="record sound to disk" name="writesf~" ref_view="object">
      <xi:include href="writesf~.pddoc" parse="xml"/>
    </entry>
  </category>
  <category name="io">
    <entry descr="MIDI input: pitch bend" name="bendin" ref_view="object">
      <xi:include href="bendin.pddoc" parse="xml"/>
    </entry>
    <entry descr="MIDI input: pitch bend" name="bendout" ref_view="object">
      <xi:include href="bendout.pddoc" parse="xml"/>
    </entry>
    <entry descr="MIDI input: control change" name="ctlin" ref_view="object">
      <xi:include href="ctlin.pddoc" parse="xml"/>
    </entry>
    <entry descr="MIDI input: control change" name="ctlout" ref_view="object">
      <xi:include href="ctlout.pddoc" parse="xml"/>
    </entry>
    <entry descr="FUDI messages from Pd lists" name="fudiformat" ref_view="object">
      <xi:include href="fudiformat.pddoc" parse="xml"/>
    </entry>
    <entry descr="FUDI messages to Pd lists" name="fudiparse" ref_view="object">
      <xi:include href="fudiparse.pddoc" parse="xml"/>
    </entry>
    <entry descr="schedule delayed &quot;note off&quot; message for a note-on" name="makenote" ref_view="object">
      <xi:include href="makenote.pddoc" parse="xml"/>
    </entry>
    <entry descr="MIDI input: raw midi data" name="midiin" ref_view="object">
      <xi:include href="midiin.pddoc" parse="xml"/>
    </entry>
    <entry descr="MIDI input: raw midi data" name="midiout" ref_view="object">
      <xi:include href="midiout.pddoc" parse="xml"/>
    </entry>
    <entry descr="MIDI input: note" name="notein" ref_view="object">
      <xi:include href="notein.pddoc" parse="xml"/>
    </entry>
    <entry descr="MIDI input: note" name="noteout" ref_view="object">
      <xi:include href="noteout.pddoc" parse="xml"/>
    </entry>
    <entry descr="OSC messages from Pd lists" name="oscformat" ref_view="object">
      <xi:include href="oscformat.pddoc" parse="xml"/>
    </entry>
    <entry descr="OSC messages to Pd lists" name="oscparse" ref_view="object">
      <xi:include href="oscparse.pddoc" parse="xml"/>
    </entry>
    <entry descr="MIDI input: program change" name="pgmin" ref_view="object">
      <xi:include href="pgmin.pddoc" parse="xml"/>
    </entry>
    <entry descr="MIDI input: program change" name="pgmout" ref_view="object">
      <xi:include href="pgmout.pddoc" parse="xml"/>
    </entry>
    <entry descr="MIDI input: polyphonic aftertouch" name="polytouchin" ref_view="object">
      <xi:include href="polytouchin.pddoc" parse="xml"/>
    </entry>
    <entry descr="MIDI input: polyphonic aftertouch" name="polytouchout" ref_view="object">
      <xi:include href="polytouchout.pddoc" parse="xml"/>
    </entry>
    <entry descr="strip &quot;note off&quot; messages" name="stripnote" ref_view="object">
      <xi:include href="stripnote.pddoc" parse="xml"/>
    </entry>
    <entry descr="MIDI input: channel aftertouch" name="touchin" ref_view="object">
      <xi:include href="touchin.pddoc" parse="xml"/>
    </entry>
    <entry descr="MIDI input: channel aftertouch" name="touchout" ref_view="object">
      <xi:include href="touchout.pddoc" parse="xml"/>
    </entry>
  </category>
  <category name="math">
    <entry descr="higher math" name="abs" ref_view="object">
      <xi:include href="abs.pddoc" parse="xml"/>
    </entry>
    <entry descr="bit twiddling" name="and" ref_view="object">
      <xi:include href="and.pddoc" parse="xml"/>
    </entry>
    <entry descr="higher math" name="atan" ref_view="object">
      <xi:include href="atan.pddoc" parse="xml"/>
    </entry>
    <entry descr="higher math" name="atan2" ref_view="object">
      <xi:include href="atan2.pddoc" parse="xml"/>
    </entry>
    <entry descr="bit twiddling" name="bitwiseand" ref_view="object">
      <xi:include href="bitwiseand.pddoc" parse="xml"/>
    </entry>
    <entry descr="bit twiddling" name="bitwiseor" ref_view="object">
      <xi:include href="bitwiseor.pddoc" parse="xml"/>
    </entry>
    <entry descr="higher math" name="clip" ref_view="object">
      <xi:include href="clip.pddoc" parse="xml"/>
    </entry>
    <entry descr="higher math" name="cos" ref_view="object">
      <xi:include href="cos.pddoc" parse="xml"/>
    </entry>
    <entry descr="convert acoustical units" name="dbtopow" ref_view="object">
      <xi:include href="dbtopow.pddoc" parse="xml"/>
    </entry>
    <entry descr="convert acoustical units" name="dbtorms" ref_view="object">
      <xi:include href="dbtorms.pddoc" parse="xml"/>
    </entry>
    <entry descr="higher math" name="div" ref_view="object">
      <xi:include href="div.pddoc" parse="xml"/>
    </entry>
    <entry descr="relational tests" name="eq" ref_view="object">
      <xi:include href="eq.pddoc" parse="xml"/>
    </entry>
    <entry descr="higher math" name="exp" ref_view="object">
      <xi:include href="exp.pddoc" parse="xml"/>
    </entry>
    <entry descr="С-style expressions" name="expr" ref_view="object">
      <xi:include href="expr.pddoc" parse="xml"/>
    </entry>
    <entry descr="convert acoustical units" name="ftom" ref_view="object">
      <xi:include href="ftom.pddoc" parse="xml"/>
    </entry>
    <entry descr="relational tests" name="gt" ref_view="object">
      <xi:include href="gt.pddoc" parse="xml"/>
    </entry>
    <entry descr="relational tests" name="gteq" ref_view="object">
      <xi:include href="gteq.pddoc" parse="xml"/>
    </entry>
    <entry descr="higher math" name="log" ref_view="object">
      <xi:include href="log.pddoc" parse="xml"/>
    </entry>
    <entry descr="relational tests" name="lt" ref_view="object">
      <xi:include href="lt.pddoc" parse="xml"/>
    </entry>
    <entry descr="relational tests" name="lteq" ref_view="object">
      <xi:include href="lteq.pddoc" parse="xml"/>
    </entry>
    <entry descr="higher math" name="max" ref_view="object">
      <xi:include href="max.pddoc" parse="xml"/>
    </entry>
    <entry descr="higher math" name="min" ref_view="object">
      <xi:include href="min.pddoc" parse="xml"/>
    </entry>
    <entry descr="arithmetic" name="minus" ref_view="object">
      <xi:include href="minus.pddoc" parse="xml"/>
    </entry>
    <entry descr="higher math" name="mod" ref_view="object">
      <xi:include href="mod.pddoc" parse="xml"/>
    </entry>
    <entry descr="convert acoustical units" name="mtof" ref_view="object">
      <xi:include href="mtof.pddoc" parse="xml"/>
    </entry>
    <entry descr="arithmetic" name="mult" ref_view="object">
      <xi:include href="mult.pddoc" parse="xml"/>
    </entry>
    <entry descr="relational tests" name="neq" ref_view="object">
      <xi:include href="neq.pddoc" parse="xml"/>
    </entry>
    <entry descr="bit twiddling" name="or" ref_view="object">
      <xi:include href="or.pddoc" parse="xml"/>
    </entry>
    <entry descr="arithmetic" name="plus" ref_view="object">
      <xi:include href="plus.pddoc" parse="xml"/>
    </entry>
    <entry descr="arithmetic" name="pow" ref_view="object">
      <xi:include href="pow.pddoc" parse="xml"/>
    </entry>
    <entry descr="convert acoustical units" name="powtodb" ref_view="object">
      <xi:include href="powtodb.pddoc" parse="xml"/>
    </entry>
    <entry descr="higher math" name="random" ref_view="object">
      <xi:include href="random.pddoc" parse="xml"/>
    </entry>
    <entry descr="convert acoustical units" name="rmstodb" ref_view="object">
      <xi:include href="rmstodb.pddoc" parse="xml"/>
    </entry>
    <entry descr="bit twiddling" name="shiftleft" ref_view="object">
      <xi:include href="shiftleft.pddoc" parse="xml"/>
    </entry>
    <entry descr="bit twiddling" name="shiftright" ref_view="object">
      <xi:include href="shiftright.pddoc" parse="xml"/>
    </entry>
    <entry descr="higher math" name="sin" ref_view="object">
      <xi:include href="sin.pddoc" parse="xml"/>
    </entry>
    <entry descr="higher math" name="sqrt" ref_view="object">
      <xi:include href="sqrt.pddoc" parse="xml"/>
    </entry>
    <entry descr="higher math" name="tan" ref_view="object">
      <xi:include href="tan.pddoc" parse="xml"/>
    </entry>
    <entry descr="higher math" name="wrap" ref_view="object">
      <xi:include href="wrap.pddoc" parse="xml"/>
    </entry>
    <entry descr="bit twiddling" name="xor" ref_view="object">
      <xi:include href="xor.pddoc" parse="xml"/>
    </entry>
  </category>
  <category name="misc">
    <entry descr="set of numbers" name="bag" ref_view="object">
      <xi:include href="bag.pddoc" parse="xml"/>
    </entry>
    <entry descr="set search path and/or load libraries" name="declare" ref_view="object">
      <xi:include href="declare.pddoc" parse="xml"/>
    </entry>
    <entry descr="numeric key values from keyboard" name="key" ref_view="object">
      <xi:include href="key.pddoc" parse="xml"/>
    </entry>
    <entry descr="symbolic key name" name="keyname" ref_view="object">
      <xi:include href="keyname.pddoc" parse="xml"/>
    </entry>
    <entry descr="numeric key values from keyboard (when key is up)" name="keyup" ref_view="object">
      <xi:include href="keyup.pddoc" parse="xml"/>
    </entry>
    <entry descr="bang on load" name="loadbang" ref_view="object">
      <xi:include href="loadbang.pddoc" parse="xml"/>
    </entry>
    <entry descr="receive messages from the network" name="netreceive" ref_view="object">
      <xi:include href="netreceive.pddoc" parse="xml"/>
    </entry>
    <entry descr="send messages over the network" name="netsend" ref_view="object">
      <xi:include href="netsend.pddoc" parse="xml"/>
    </entry>
    <entry descr="&quot;Open&quot; dialog" name="openpanel" ref_view="object">
      <xi:include href="openpanel.pddoc" parse="xml"/>
    </entry>
    <entry descr="communicate with canvas (to get directory)" name="pdcontrol" ref_view="object">
      <xi:include href="pdcontrol.pddoc" parse="xml"/>
    </entry>
    <entry descr="polyphonic voice allocation" name="poly" ref_view="object">
      <xi:include href="poly.pddoc" parse="xml"/>
    </entry>
    <entry descr="message sequencer" name="qlist" ref_view="object">
      <xi:include href="qlist.pddoc" parse="xml"/>
    </entry>
    <entry descr="&quot;Save as&quot; dialog" name="savepanel" ref_view="object">
      <xi:include href="savepanel.pddoc" parse="xml"/>
    </entry>
    <entry descr="mechanism for saving state of an abstraction" name="savestate" ref_view="object">
      <xi:include href="savestate.pddoc" parse="xml"/>
    </entry>
    <entry descr="general text handling" name="text" ref_view="object">
      <xi:include href="text.pddoc" parse="xml"/>
    </entry>
    <entry descr="file to message converter" name="textfile" ref_view="object">
      <xi:include href="textfile.pddoc" parse="xml"/>
    </entry>
  </category>
  <category name="subwindows">
    <entry descr="specify block size and overlap" name="block~" ref_view="object">
      <xi:include href="block~.pddoc" parse="xml"/>
    </entry>
    <entry descr="multiple copies of a patch" name="clone" ref_view="object">
      <xi:include href="clone.pddoc" parse="xml"/>
    </entry>
    <entry descr="add an inlet to a pd" name="inlet" ref_view="object">
      <xi:include href="inlet.pddoc" parse="xml"/>
    </entry>
    <entry descr="add a signal inlet to a pd" name="inlet~" ref_view="object">
      <xi:include href="inlet~.pddoc" parse="xml"/>
    </entry>
    <entry descr="add an outlet to a pd" name="outlet" ref_view="object">
      <xi:include href="outlet.pddoc" parse="xml"/>
    </entry>
    <entry descr="add a signal outlet to a pd" name="outlet~" ref_view="object">
      <xi:include href="outlet~.pddoc" parse="xml"/>
    </entry>
    <entry descr="define a subwindow" name="pd" ref_view="object">
      <xi:include href="pd.pddoc" parse="xml"/>
    </entry>
    <entry descr="switch subpatches on and off" name="switch" ref_view="object">
      <xi:include href="switch.pddoc" parse="xml"/>
    </entry>
  </category>
  <category name="time">
    <entry descr="measure CPU time" name="cputime" ref_view="object">
      <xi:include href="cputime.pddoc" parse="xml"/>
    </entry>
    <entry descr="send a message after a time delay" name="delay" ref_view="object">
      <xi:include href="delay.pddoc" parse="xml"/>
    </entry>
    <entry descr="send a series of lineary stepped numbered" name="line" ref_view="object">
      <xi:include href="line.pddoc" parse="xml"/>
    </entry>
    <entry descr="send a message periodically" name="metro" ref_view="object">
      <xi:include href="metro.pddoc" parse="xml"/>
    </entry>
    <entry descr="measure real time" name="realtime" ref_view="object">
      <xi:include href="realtime.pddoc" parse="xml"/>
    </entry>
    <entry descr="measure time intervals" name="timer" ref_view="object">
      <xi:include href="timer.pddoc" parse="xml"/>
    </entry>
  </category>
  <meta>
    <version>0.0</version>
    <authors>
      <author>Miller Smith Puckette</author>
    </authors>
  </meta>
</library>

